id,kode_pohon,nama_lokal,nama_latin,Group,Icon,status_iucn,diameter,tinggi,unit_PS,jenis_lahan,nama_khas_wilayah,Latitude,Longitude,elevasi,jarak_permukiman,status_adopsi,nama_pengadopsi,masa_berlaku,nama_surveyor,waktu_survei,harga_adopsi,serapan_karbon,penyedia_bibit,metode_karbon,Image1,Image2,Image3,Image4,Image5,chart_link
1,SRK0001GS,Kayu Batu,Eusideroxylon zwageri,Pohon Dewasa,icon/mature_tree.svg,Vulnerable,40,14,13,Mineral,-,-0.0387557,101.404770700000,"147,861094","0,035",,,,Fahrizal,28/9/2021 14:57,200000,"2398,88",-,Approach 5,media/SRK_1_1.jpg,media/SRK_2_1.jpg,media/SRK_3_1.jpg,media/SRK_4_1.jpg,adopsipohonriau/1,https://www.adopsipohonriau.org/data-tree/47
2,SRK0002GS,Sendok Sendok,Endospermum spp,Pohon Dewasa,icon/mature_tree.svg,Least Concern,50,15,13,Mineral,-,-0.0386325,101.404566400000,"52,10017904","0,035",,,,Effendi,29/9/2021 8:05,200000,"1701,56",-,Approach 5,media/SRK_1_2.jpg,media/SRK_2_2.jpg,media/SRK_3_2.jpg,media/SRK_4_2.jpg,adopsipohonriau/2,
3,SRK0003GS,Sendok Sendok,Endospermum spp,Pohon Dewasa,icon/mature_tree.svg,Least Concern,40,17,13,Mineral,-,-0.0385649,101.404714400000,"53,76889647","0,035",,,,Hermes,29/9/2021 8:13,200000,"1243,75",-,Approach 5,media/SRK_1_3.jpg,media/SRK_2_3.jpg,media/SRK_3_3.jpg,media/SRK_4_3.jpg,adopsipohonriau/3,
4,SRK0004GS,Medang,Alseodaphne sp,Pohon Muda,icon/young_tree.svg,Vulnerable,20,10,13,Mineral,-,-0.03866,101.404726700000,"62,56588904","0,035",,,,Effendi,29/9/2021 8:23,50000,"306,17",-,Approach 5,media/SRK_1_4.jpg,media/SRK_2_4.jpg,media/SRK_3_4.jpg,media/SRK_4_4.jpg,adopsipohonriau/4,
5,SRK0005GS,Simpur,Dillenia spp,Pohon Muda,icon/young_tree.svg,Least Concern,31,15,13,Mineral,-,-0.038541,101.4047466,"67,15302862","0,035",,,,Hermes,29/9/2021 8:29,50000,"1170,32",-,Approach 5,media/SRK_1_5.jpg,media/SRK_2_5.jpg,media/SRK_3_5.jpg,media/SRK_4_5.jpg,adopsipohonriau/5,
6,SRK0006GS,Petatal,ochanostachys amentacea,Pohon Muda,icon/young_tree.svg,Data deficent,20,9,13,Mineral,-,-0.0385102,101.404777400000,"71,89708611","0,035",,,,Effendi,29/9/2021 8:35,50000,"385,26",-,Approach 5,media/SRK_1_6.jpg,media/SRK_2_6.jpg,media/SRK_3_6.jpg,media/SRK_4_6.jpg,adopsipohonriau/6,
7,SRK0007GS,Mahang,Macaranga spp,Pohon Muda,icon/young_tree.svg,Endangered,35,12,13,Mineral,-,-0.0385336,101.404844900000,"76,31570556","0,036",,,,Hermes,29/9/2021 8:42,50000,"715,37",-,Approach 5,media/SRK_1_7.jpg,media/SRK_2_7.jpg,media/SRK_3_7.jpg,media/SRK_4_7.jpg,adopsipohonriau/7,
8,SRK0008GS,Meranti,Shorea sp,Pohon Dewasa,icon/mature_tree.svg,-,50,15,13,Mineral,-,-0.0387782,101.405000000000,"37,0167738","0,036",,,,Effendi,29/9/2021 8:48,200000,"2760,3",-,Approach 5,media/SRK_1_8.jpg,media/SRK_2_8.jpg,media/SRK_3_8.jpg,media/SRK_4_8.jpg,adopsipohonriau/8,
9,SRK0009GS,Sendok Sendok,Endospermum spp,Pohon Dewasa,icon/mature_tree.svg,Least Concern,43,17,13,Mineral,-,-0.0389147,101.404885000000,"70,602647","0,035",,,,Hermes,29/9/2021 8:57,200000,"1432,32",-,Approach 5,media/SRK_1_9.jpg,media/SRK_2_9.jpg,media/SRK_3_9.jpg,media/SRK_4_9.jpg,adopsipohonriau/9,
10,SRK0010GS,Jambu Jambu,Eugenia spp,Pohon Dewasa,icon/mature_tree.svg,Least Concern,86,20,13,Mineral,-,-0.0384548,101.404589200000,"217,4457017","0,035",,,,Effendi,29/9/2021 9:03,200000,"12772,87",-,Approach 5,media/SRK_1_10.jpg,media/SRK_2_10.jpg,media/SRK_3_10.jpg,media/SRK_4_10.jpg,adopsipohonriau/10,
11,SRK0011GS,Pasir Pasir,Guettarda speciosa,Pohon Muda,icon/young_tree.svg,Least Concern,18,16,13,Mineral,-,-0.0384702,101.404620900000,"68,0860608","0,035",,,,Fahrizal,29/09/2021 9:22,50000,"436,15",-,Approach 5,media/SRK_1_11.jpg,media/SRK_2_11.jpg,media/SRK_3_11.jpg,media/SRK_4_11.jpg,adopsipohonriau/11,
12,SRK0012GS,Meranti,Shorea sp,Pohon Muda,icon/young_tree.svg,-,20,8,13,Mineral,-,-0.0386265,101.404634800000,"74,91774309","0,035",,,,Farizal,29/09/2021 9:29,50000,"249,88",-,Approach 5,media/SRK_1_12.jpg,media/SRK_2_12.jpg,media/SRK_3_12.jpg,media/SRK_4_12.jpg,adopsipohonriau/12,
13,SRK0013GS,Meranti,Shorea sp,Pohon Muda,icon/young_tree.svg,-,12,9,13,Mineral,-,-0.0386459,101.404694800000,"73,29606651","0,035",,,,Fahrizal,29/09/2021 9:35,50000,"103,42",-,Approach 5,media/SRK_1_13.jpg,media/SRK_2_13.jpg,media/SRK_3_13.jpg,media/SRK_4_13.jpg,adopsipohonriau/13,
14,SRK0014GS,Mahang,Macaranga spp,Pohon Muda,icon/young_tree.svg,Endangered,13,10,13,Mineral,-,-0.0382588,101.404780400000,"61,42016402","0,036",,,,Fahrizal,29/09/2021 9:46,50000,"86,63",-,Approach 5,media/SRK_1_14.jpg,media/SRK_2_14.jpg,media/SRK_3_14.jpg,media/SRK_4_14.jpg,adopsipohonriau/14,
15,SRK0015GS,Mahang,Macaranga spp,Pohon Muda,icon/young_tree.svg,Endangered,18,8,13,Mineral,-,-0.0383883,101.404730000000,"45,05414024","0,035",,,,Fahrizal,29/09/2021 9:51,50000,"131,5",-,Approach 5,media/SRK_1_15.jpg,media/SRK_2_15.jpg,media/SRK_3_15.jpg,media/SRK_4_15.jpg,adopsipohonriau/15,
16,SRK0016GS,Mahang,Macaranga spp,Pohon Muda,icon/young_tree.svg,Endangered,30,10,13,Mineral,-,-0.0384584,101.404834500000,"23,52216587","0,036",,,,Fahrizal,29/09/2021 9:57,50000,"443,17",-,Approach 5,media/SRK_1_16.jpg,media/SRK_2_16.jpg,media/SRK_3_16.jpg,media/SRK_4_16.jpg,adopsipohonriau/16,
17,SRK0017GS,Kempas,Koompassia malaccensis,Pohon Muda,icon/young_tree.svg,Conservation dependent,20,15,13,Mineral,-,-0.0384907,101.404865200000,"31,06653583","0,036",,,,Fahrizal,29/09/2021 10:00,50000,"653,72",-,Approach 5,media/SRK_1_17.jpg,media/SRK_2_17.jpg,media/SRK_3_17.jpg,media/SRK_4_17.jpg,adopsipohonriau/17,
18,SRK0018GS,Mendarahan,Myristica iners,Pohon Muda,icon/young_tree.svg,Least Concern,33,25,13,Mineral,-,-0.0385898,101.404566000000,"37,16099268","0,035",,,,Fahrizal,29/09/2021 10:08,50000,"1645,05",-,Approach 5,media/SRK_1_18.jpg,media/SRK_2_18.jpg,media/SRK_3_18.jpg,media/SRK_4_18.jpg,adopsipohonriau/18,
19,SRK0019GS,Kempas,Koompassia malaccensis,Pohon Dewasa,icon/mature_tree.svg,Conservation dependent,60,30,13,Mineral,-,-0.0385222,101.404850000000,"26,62263457","0,036",,,,Fahrizal,29/09/2021 10:14,200000,"10978,44",-,Approach 5,media/SRK_1_19.jpg,media/SRK_2_19.jpg,media/SRK_3_19.jpg,media/SRK_4_19.jpg,adopsipohonriau/19,
20,SRK0020GS,Meranti,Shorea sp,Pohon Dewasa,icon/mature_tree.svg,-,65,30,13,Mineral,-,-0.0383955,101.404664300000,"36,95807869","0,035",,,,Fahrizl,29/09/2021 10:19,200000,"9061,05",-,Approach 5,media/SRK_1_20.jpg,media/SRK_2_20.jpg,media/SRK_3_20.jpg,media/SRK_4_20.jpg,adopsipohonriau/20,
21,SRK0021GS,Pasir Pasir,Guettarda speciosa,Pohon Muda,icon/young_tree.svg,Least Concern,27,6,13,Mineral,-,-0.038512,101.4049903,"24,1801425","0,036",,,,Fahrizal,29/09/2021 10:24,50000,"369,5",-,Approach 5,media/SRK_1_21.jpg,media/SRK_2_21.jpg,media/SRK_3_21.jpg,media/SRK_4_21.jpg,adopsipohonriau/21,
22,SRK0022GS,Kempas,Koompassia malaccensis,Pohon Muda,icon/young_tree.svg,Conservation dependent,32,12,13,Mineral,-,-0.038408,101.4048563,"36,92611267","0,036",,,,Fahrizal,29/09/2021 10:28,50000,"1315,99",-,Approach 5,media/SRK_1_22.jpg,media/SRK_2_22.jpg,media/SRK_3_22.jpg,media/SRK_4_22.jpg,adopsipohonriau/22,
23,SRK0023GS,Pisang Pisang,Alphonsea spp,Pohon Muda,icon/young_tree.svg,Least Concern,20,15,13,Mineral,-,-0.0384453,101.404707900000,"43,01684896","0,035",,,,Fahrizal,29/09/2021 10:33,50000,"560,66",-,Approach 5,media/SRK_1_23.jpg,media/SRK_2_23.jpg,media/SRK_3_23.jpg,media/SRK_4_23.jpg,adopsipohonriau/23,
24,SRK0024GS,Kabau,Archidendron Bubalinum,Pohon Muda,icon/young_tree.svg,-,19,20,13,Mineral,-,-0.0385431,101.404905000000,"31,9813481","0,036",,,,Fahrizal,29/09/2021 10:36,50000,"394,23",-,Approach 5,media/SRK_1_24.jpg,media/SRK_2_24.jpg,media/SRK_3_24.jpg,media/SRK_4_24.jpg,adopsipohonriau/24,
25,SRK0025GS,Pasir Pasir,Guettarda speciosa,Pohon Muda,icon/young_tree.svg,Least Concern,32,10,13,Mineral,-,-0.0384533,101.404894200000,"36,78429492","0,036",,,,Fahrizal,29/09/2021 10:39,50000,"847,56",-,Approach 5,media/SRK_1_25.jpg,media/SRK_2_25.jpg,media/SRK_3_25.jpg,media/SRK_4_25.jpg,adopsipohonriau/25,
26,SRK0026GS,Keranji,Dialium kunstleri,Pohon Muda,icon/young_tree.svg,Near Threatened,35,13,13,Mineral,-,-0.0384296,101.404924000000,"38,97901562","0,036",,,,Fahrizal,29/09/2021 10:46,50000,"1584,85",-,Approach 5,media/SRK_1_26.jpg,media/SRK_2_26.jpg,media/SRK_3_26.jpg,media/SRK_4_26.jpg,adopsipohonriau/26,
27,SRK0027GS,Ridan,Nephelium mangayi,Pohon Muda,icon/young_tree.svg,-,18,10,13,Mineral,-,-0.0384106,101.404771700000,"42,49884083","0,035",,,,Fahrizal,29/09/2021 10:52,50000,"176,9",-,Approach 5,media/SRK_1_27.jpg,media/SRK_2_27.jpg,media/SRK_3_27.jpg,media/SRK_4_27.jpg,adopsipohonriau/27,
28,SRK0028GS,Meranti,Shorea sp,Pohon Muda,icon/young_tree.svg,-,20,10,13,Mineral,-,-0.0384542,101.404717800000,"46,20350728","0,035",,,,Fahrizal,29/09/2021 10:56,50000,"310,68",-,Approach 5,media/SRK_1_28.jpg,media/SRK_2_28.jpg,media/SRK_3_28.jpg,media/SRK_4_28.jpg,adopsipohonriau/28,
29,SRK0028GS,Medang,Alseodaphne sp,Pohon Muda,icon/young_tree.svg,Vulnerable,20,10,13,Mineral,-,-0.0384117,101.404626400000,"46,5116748","0,035",,,,Fahrizal,29/09/2021 11:00,50000,"306,17",-,Approach 5,media/SRK_1_29.jpg,media/SRK_2_29.jpg,media/SRK_3_29.jpg,media/SRK_4_29.jpg,adopsipohonriau/29,
30,SRK0030GS,Malapari,Pongamia Pinnata,Pohon Muda,icon/young_tree.svg,Least Concern,23,15,13,Mineral,-,-0.0384519,101.404875100000,"47,05813605","0,036",,,,Fahrizal,29/09/2021 11:06,50000,"595,11",-,Approach 5,media/SRK_1_30.jpg,media/SRK_2_30.jpg,media/SRK_3_30.jpg,media/SRK_4_30.jpg,adopsipohonriau/30,
31,SRK0030GS,Mendarahan,Myristica iners,Pohon Muda,icon/young_tree.svg,Least Concern,14,6,13,Mineral,-,-0.0383715,101.404835900000,"71,17636428","0,036",,,,Fahrizal,29/09/2021 11:26,50000,"76,62",-,Approach 5,media/SRK_1_31.jpg,media/SRK_2_31.jpg,media/SRK_3_31.jpg,media/SRK_4_31.jpg,adopsipohonriau/31,
32,SRK0032GS,Kedondong,Spondias dulcis,Pohon Muda,icon/young_tree.svg,-,22,15,13,Mineral,-,-0.0382599,101.405171900000,"73,19168522","0,036",,,,Fahrizal,29/09/2021 11:31,50000,"292,68",-,Approach 5,media/SRK_1_32.jpg,media/SRK_2_32.jpg,media/SRK_3_32.jpg,media/SRK_4_32.jpg,adopsipohonriau/32,
33,SRK0033GS,Mendarahan,Myristica iners,Pohon Muda,icon/young_tree.svg,Least Concern,33,15,13,Mineral,-,-0.0382117,101.405176700000,"72,95613651","0,036",,,,Fahrizal,29/09/2021 11:34,50000,"999,2",-,Approach 5,media/SRK_1_33.jpg,media/SRK_2_33.jpg,media/SRK_3_33.jpg,media/SRK_4_33.jpg,adopsipohonriau/33,
34,SRK0034GS,Mahang,Macaranga spp,Pohon Muda,icon/young_tree.svg,Endangered,19,15,13,Mineral,-,-0.0382222,101.404833333333,"71,33866482","0,036",,,,Fahrizal,29/09/2021 11:41,50000,"269,91",-,Approach 5,media/SRK_1_34.jpg,media/SRK_2_34.jpg,media/SRK_3_34.jpg,media/SRK_4_34.jpg,adopsipohonriau/34,
35,SRK0035GS,Medang,Alseodaphne sp,Pohon Muda,icon/young_tree.svg,Vulnerable,25,16,13,Mineral,-,-0.0385,101.4048889,"71,33866482","0,036",,,,Fahrizal,29/09/2021 11:44,50000,"748,77",-,Approach 5,media/SRK_1_35.jpg,media/SRK_2_35.jpg,media/SRK_3_35.jpg,media/SRK_4_35.jpg,adopsipohonriau/35,
36,SRK0036GS,Jangkang,Sterculia foetida,Pohon Muda,icon/young_tree.svg,-,18,14,13,Mineral,-,-0.0383405,101.404785100000,"52,86896324","0,035",,,,Fahrizal,29/09/2021 11:48,50000,"307,98",-,Approach 5,media/SRK_1_36.jpg,media/SRK_2_36.jpg,media/SRK_3_36.jpg,media/SRK_4_36.jpg,adopsipohonriau/36,
37,SRK0037GS,Meranti,Shorea sp,Pohon Dewasa,icon/mature_tree.svg,-,44,25,13,Mineral,-,-0.0383865,101.404824800000,"54,15058171","0,036",,,,Fahrizal,29/09/2021 11:52,200000,"3540,87",-,Approach 5,media/SRK_1_37.jpg,media/SRK_2_37.jpg,media/SRK_3_37.jpg,media/SRK_4_37.jpg,adopsipohonriau/37,
38,SRK0039GS,Kedondong,Spondias dulcis,Pohon Muda,icon/young_tree.svg,-,14,20,13,Mineral,-,-0.0383086,101.404787600000,"56,80113799","0,036",,,,Fahrizal,29/09/2021 11:55,50000,"160,39",-,Approach 5,media/SRK_1_38.jpg,media/SRK_2_38.jpg,media/SRK_3_38.jpg,media/SRK_4_38.jpg,adopsipohonriau/38,
39,SRK0040GS,Pasir Pasir,Guettarda speciosa,Pohon Muda,icon/young_tree.svg,Least Concern,27,21,13,Mineral,-,-0.0381788,101.404736200000,"51,72570938","0,035",,,,Fahrizal,29/09/2021 11:58,50000,"1254,95",-,Approach 5,media/SRK_1_39.jpg,media/SRK_2_39.jpg,media/SRK_3_39.jpg,media/SRK_4_39.jpg,adopsipohonriau/39,
40,SRK0041GS,Meranti,Shorea sp,Pohon Muda,icon/young_tree.svg,-,32,25,13,Mineral,-,-0.0382327,101.404911400000,"54,41996616","0,036",,,,Fahrizal,29/09/2021 12:02,50000,"1901,71",-,Approach 5,media/SRK_1_40.jpg,media/SRK_2_40.jpg,media/SRK_3_40.jpg,media/SRK_4_40.jpg,adopsipohonriau/40,
41,SRK0042GS,Keranji,Dialium kunstleri,Pohon Muda,icon/young_tree.svg,Near Threatened,37,25,13,Mineral,-,-0.0381771,101.404827500000,"50,83872522","0,036",,,,Fahrizal,29/09/2021 12:04,50000,"3344,09",-,Approach 5,media/SRK_1_41.jpg,media/SRK_2_41.jpg,media/SRK_3_41.jpg,media/SRK_4_41.jpg,adopsipohonriau/41,
42,SRK0043GS,Sendok Sendok,Endospermum spp,Pohon Dewasa,icon/mature_tree.svg,Least Concern,47,25,13,Mineral,-,-0.0386389,101.404861111111,"50,8263636","0,035",,,,Fahrizal,29/09/2021 12:07,200000,"2482,66",-,Approach 5,media/SRK_1_42.jpg,media/SRK_2_42.jpg,media/SRK_3_42.jpg,media/SRK_4_42.jpg,adopsipohonriau/42,
43,SRK0044GS,Arang Arang,Diospyros spp,Pohon Muda,icon/young_tree.svg,Vulnerable,13,10,13,Mineral,-,-0.0380833,101.404888888888,"50,8263636","0,036",,,,Fahrizal,29/09/2021 12:10,50000,"160,16",-,Approach 5,media/SRK_1_43.jpg,media/SRK_2_43.jpg,media/SRK_3_43.jpg,media/SRK_4_43.jpg,adopsipohonriau/43,
44,SRK0045GS,Mempening,Quercus argentata,Pohon Dewasa,icon/mature_tree.svg,Least Concern,50,15,13,Mineral,-,-0.0381389,101.404888888888,"50,8263636","0,036",,,,Fahrizal,29/09/2021 12:13,200000,"3603,11",-,Approach 5,media/SRK_1_44.jpg,media/SRK_2_44.jpg,media/SRK_3_44.jpg,media/SRK_4_44.jpg,adopsipohonriau/44,
45,SRK0046GS,Kedondong,Spondias dulcis,Pohon Muda,icon/young_tree.svg,-,8,12,13,Mineral,-,-0.038119,101.4048347,"2,962499238","0,036",,,,Fahrizal,29/09/2021 12:15,50000,"32,68",-,Approach 5,media/SRK_1_45.jpg,media/SRK_2_45.jpg,media/SRK_3_45.jpg,media/SRK_4_45.jpg,adopsipohonriau/45,
46,SRK0047GS,Mahang,Macaranga spp,Pohon Muda,icon/young_tree.svg,Endangered,16,12,13,Mineral,-,-0.0380685,101.404808100000,"12,32200205","0,036",,,,Fahrizal,29/09/2021 12:18,50000,"155,22",-,Approach 5,media/SRK_1_46.jpg,media/SRK_2_46.jpg,media/SRK_3_46.jpg,media/SRK_4_46.jpg,adopsipohonriau/46,
47,SRK0048GS,Mahang,Macaranga spp,Pohon Muda,icon/young_tree.svg,Endangered,20,8,13,Mineral,-,-0.0376632,101.404507200000,"6,842892063","0,035",,,,Fahrizal,29/09/2021 12:20,50000,"161,53",-,Approach 5,media/SRK_1_47.jpg,media/SRK_2_47.jpg,media/SRK_3_47.jpg,media/SRK_4_47.jpg,adopsipohonriau/47,
48,SRK0049GS,Sendok Sendok,Endospermum spp,Pohon Muda,icon/young_tree.svg,Least Concern,19,7,13,Mineral,-,-0.0376883,101.404487900000,"8,719649445","0,035",,,,Fahrizal,29/09/2021 12:23,50000,"122,33",-,Approach 5,media/SRK_1_48.jpg,media/SRK_2_48.jpg,media/SRK_3_48.jpg,media/SRK_4_48.jpg,adopsipohonriau/48,
49,SRK0051GS,Mahang,Macaranga spp,Pohon Muda,icon/young_tree.svg,Endangered,23,12,13,Mineral,-,-0.0381707,101.404553600000,"60,85265954","0,035",,,,Mardianto,30/09/2021 8:08,50000,"315,21",-,Approach 5,media/SRK_1_49.jpg,media/SRK_2_49.jpg,media/SRK_3_49.jpg,media/SRK_4_49.jpg,adopsipohonriau/49,
50,SRK0052GS,Rengas,Gluta aptera,Pohon Muda,icon/young_tree.svg,-,30,13,13,Mineral,-,-0.0381012,101.404597300000,"58,17058852","0,035",,,,Okta,30/09/2021 8:18,50000,"950,29",-,Approach 5,media/SRK_1_50.jpg,media/SRK_2_50.jpg,media/SRK_3_50.jpg,media/SRK_4_50.jpg,adopsipohonriau/50,
51,SRK0053GS,Mahang,Macaranga spp,Pohon Muda,icon/young_tree.svg,Endangered,17,10,13,Mineral,-,-0.038099,101.4045751,"60,68452627","0,035",,,,Mardianto,30/09/2021 8:26,50000,"146,24",-,Approach 5,media/SRK_1_51.jpg,media/SRK_2_51.jpg,media/SRK_3_51.jpg,media/SRK_4_51.jpg,adopsipohonriau/51,
52,SRK0054GS,Mahang,Macaranga spp,Pohon Muda,icon/young_tree.svg,Endangered,24,12,13,Mineral,-,-0.0380884,101.404581200000,"59,95038049","0,035",,,,Mardianto,30/09/2021 8:30,50000,"342,52",-,Approach 5,media/SRK_1_52.jpg,media/SRK_2_52.jpg,media/SRK_3_52.jpg,media/SRK_4_52.jpg,adopsipohonriau/52,
53,SRK0055GS,Meranti,Shorea sp,Pohon Dewasa,icon/mature_tree.svg,-,49,17,13,Mineral,-,-0.0377579,101.404729200000,"68,43870661","0,036",,,,Okta,30/09/2021 8:38,200000,"2998,35",-,Approach 5,media/SRK_1_53.jpg,media/SRK_2_53.jpg,media/SRK_3_53.jpg,media/SRK_4_53.jpg,adopsipohonriau/53,
54,SRK0056GS,Jangkang,Sterculia foetida,Pohon Muda,icon/young_tree.svg,-,39,15,13,Mineral,-,-0.0385154,101.404566400000,"53,92910223","0,035",,,,Mardianto,30/09/2021 8:52,50000,"1490,17",-,Approach 5,media/SRK_1_54.jpg,media/SRK_2_54.jpg,media/SRK_3_54.jpg,media/SRK_4_54.jpg,adopsipohonriau/54,
55,SRK0057GS,Jangkang,Sterculia foetida,Pohon Muda,icon/young_tree.svg,-,27,15,13,Mineral,-,-0.0385369,101.404514500000,"57,66235423","0,035",,,,Okta,30/09/2021 8:58,50000,"726,94",-,Approach 5,media/SRK_1_55.jpg,media/SRK_2_55.jpg,media/SRK_3_55.jpg,media/SRK_4_55.jpg,adopsipohonriau/55,
56,SRK0058GS,Meranti,Shorea sp,Pohon Muda,icon/young_tree.svg,-,21,11,13,Mineral,-,-0.0385656,101.404556500000,"48,79929012","0,035",,,,Mardianto,30/09/2021 9:08,50000,"375,04",-,Approach 5,media/SRK_1_56.jpg,media/SRK_2_56.jpg,media/SRK_3_56.jpg,media/SRK_4_56.jpg,adopsipohonriau/56,
57,SRK0059GS,Marsawa,Anisoptera Marginata,Pohon Dewasa,icon/mature_tree.svg,Vulnerable,47,18,13,Mineral,-,-0.0385785,101.404658600000,"55,65936979","0,035",,,,Okta,30/09/2021 9:13,200000,"2776,29",-,Approach 5,media/SRK_1_57.jpg,media/SRK_2_57.jpg,media/SRK_3_57.jpg,media/SRK_4_57.jpg,adopsipohonriau/57,
58,SRK0060GS,Meranti,Shorea sp,Pohon Muda,icon/young_tree.svg,-,26,15,13,Mineral,-,-0.0388999,101.404521200000,"58,33715123","0,035",,,,Mardianto,30/09/2021 9:21,50000,"770,18",-,Approach 5,media/SRK_1_58.jpg,media/SRK_2_58.jpg,media/SRK_3_58.jpg,media/SRK_4_58.jpg,adopsipohonriau/58,
59,SRK0061GS,Mahang,Macaranga spp,Pohon Dewasa,icon/mature_tree.svg,Endangered,51,23,13,Mineral,-,-0.0389178,101.404677000000,"50,60660234","0,035",,,,Okta,30/09/2021 9:29,200000,"2814,84",-,Approach 5,media/SRK_1_59.jpg,media/SRK_2_59.jpg,media/SRK_3_59.jpg,media/SRK_4_59.jpg,adopsipohonriau/59,
60,SRK0062GS,Meranti,Shorea sp,Pohon Muda,icon/young_tree.svg,-,24,15,13,Mineral,-,-0.0388903,101.404686700000,"55,33612862","0,035",,,,Mardianto,30/09/2021 9:34,50000,"658,78",-,Approach 5,media/SRK_1_60.jpg,media/SRK_2_60.jpg,media/SRK_3_60.jpg,media/SRK_4_60.jpg,adopsipohonriau/60,
61,SRK0063GS,Meranti,Shorea sp,Pohon Muda,icon/young_tree.svg,-,19,14,13,Mineral,-,-0.0388881,101.404642500000,"60,55723176","0,035",,,,Okta,30/09/2021 9:38,50000,"390,35",-,Approach 5,media/SRK_1_61.jpg,media/SRK_2_61.jpg,media/SRK_3_61.jpg,media/SRK_4_61.jpg,adopsipohonriau/61,
62,SRK0064GS,Cempedak Hutan,Artocarpus heterophyllus,Pohon Muda,icon/young_tree.svg,-,30,17,13,Mineral,-,-0.038927,101.404604,"60,57409199","0,035",,,,Mardianto,30/09/2021 9:44,50000,"980,05",-,Approach 5,media/SRK_1_62.jpg,media/SRK_2_62.jpg,media/SRK_3_62.jpg,media/SRK_4_62.jpg,adopsipohonriau/62,
63,SRK0065GS,Kelat,Eugenia spp,Pohon Muda,icon/young_tree.svg,Least Concern,15,10,13,Mineral,-,-0.0388204,101.404633800000,"58,1135167","0,035",,,,Okta,30/09/2021 9:48,50000,"214,82",-,Approach 5,media/SRK_1_63.jpg,media/SRK_2_63.jpg,media/SRK_3_63.jpg,media/SRK_4_63.jpg,adopsipohonriau/63,
64,SRK0066GS,Meranti,Shorea sp,Pohon Muda,icon/young_tree.svg,-,18,13,13,Mineral,-,-0.0388981,101.404739800000,"43,9844113","0,035",,,,Marsianto,30/09/2021 9:56,50000,"326,74",-,Approach 5,media/SRK_1_64.jpg,media/SRK_2_64.jpg,media/SRK_3_64.jpg,media/SRK_4_64.jpg,adopsipohonriau/64,
65,SRK0067GS,Cempedak Hutan,Artocarpus heterophyllus,Pohon Muda,icon/young_tree.svg,-,35,17,13,Mineral,-,-0.0389378,101.404778700000,"54,04918789","0,035",,,,Okta,30/09/2021 10:01,50000,"1324,12",-,Approach 5,media/SRK_1_65.jpg,media/SRK_2_65.jpg,media/SRK_3_65.jpg,media/SRK_4_65.jpg,adopsipohonriau/65,
66,SRK0068GS,Meranti,Shorea sp,Pohon Muda,icon/young_tree.svg,-,30,20,13,Mineral,-,-0.0390027,101.404749700000,"51,91426984","0,035",,,,Mardianto,30/09/2021 10:05,50000,"1348,49",-,Approach 5,media/SRK_1_66.jpg,media/SRK_2_66.jpg,media/SRK_3_66.jpg,media/SRK_4_66.jpg,adopsipohonriau/66,
67,SRK0069GS,Meranti,Shorea sp,Pohon Muda,icon/young_tree.svg,-,35,20,13,Mineral,-,-0.038987,101.4047484,"49,81060173","0,035",,,,Okta,30/09/2021 10:11,50000,"1821,91",-,Approach 5,media/SRK_1_67.jpg,media/SRK_2_67.jpg,media/SRK_3_67.jpg,media/SRK_4_67.jpg,adopsipohonriau/67,
68,SRK0070GS,Kelat,Eugenia spp,Pohon Muda,icon/young_tree.svg,Least Concern,25,10,13,Mineral,-,-0.0390857,101.404864600000,"36,44412649","0,035",,,,Mardianto,30/09/2021 10:14,50000,"582,27",-,Approach 5,media/SRK_1_68.jpg,media/SRK_2_68.jpg,media/SRK_3_68.jpg,media/SRK_4_68.jpg,adopsipohonriau/68,
69,SRK0071GS,Mahang,Macaranga spp,Pohon Muda,icon/young_tree.svg,Endangered,25,18,13,Mineral,-,-0.039013,101.404834,"50,13889457","0,035",,,,Okta,30/09/2021 10:20,50000,"551,01",-,Approach 5,media/SRK_1_69.jpg,media/SRK_2_69.jpg,media/SRK_3_69.jpg,media/SRK_4_69.jpg,adopsipohonriau/69,
70,SRK0072GD,Mahang,Macaranga spp,Pohon Muda,icon/young_tree.svg,Endangered,21,17,13,Mineral,-,-0.0388717,101.404852700000,"44,96136181","0,035",,,,Mardianto,30/09/2021 10:24,50000,"370,78",-,Approach 5,media/SRK_1_70.jpg,media/SRK_2_70.jpg,media/SRK_3_70.jpg,media/SRK_4_70.jpg,adopsipohonriau/70,
71,SRK0073GS,Pisang Pisang,Alphonsea spp,Pohon Muda,icon/young_tree.svg,Least Concern,36,18,13,Mineral,-,-0.0388482,101.404779500000,"23,18081735","0,035",,,,Mardianto,30/09/2021 10:31,50000,"2109,95",-,Approach 5,media/SRK_1_71.jpg,media/SRK_2_71.jpg,media/SRK_3_71.jpg,media/SRK_4_71.jpg,adopsipohonriau/71,
72,SRK0074GS,Kayu Merah,Pterocarpus indicus,Pohon Muda,icon/young_tree.svg,Endangered,28,12,13,Mineral,-,-0.0388571,101.404765800000,"50,1433295","0,035",,,,Okta,30/09/2021 10:35,50000,"838,29",-,Approach 5,media/SRK_1_72.jpg,media/SRK_2_72.jpg,media/SRK_3_72.jpg,media/SRK_4_72.jpg,adopsipohonriau/72,
73,SRK0075GS,Kelat,Eugenia spp,Pohon Muda,icon/young_tree.svg,Least Concern,22,18,13,Mineral,-,-0.0387731,101.404921000000,"69,03814227","0,036",,,,Mardianto,30/09/2021 10:42,50000,"805,19",-,Approach 5,media/SRK_1_73.jpg,media/SRK_2_73.jpg,media/SRK_3_73.jpg,media/SRK_4_73.jpg,adopsipohonriau/73,
74,SRK0076GS,Meranti,Shorea sp,Pohon Muda,icon/young_tree.svg,-,31,14,13,Mineral,-,-0.0388151,101.404923400000,"77,30536564","0,036",,,,Matdianto,30/09/2021 10:46,50000,"1014,99",-,Approach 5,media/SRK_1_74.jpg,media/SRK_2_74.jpg,media/SRK_3_74.jpg,media/SRK_4_74.jpg,adopsipohonriau/74,
75,SRK0078GS,Mahang,Macaranga spp,Pohon Muda,icon/young_tree.svg,Endangered,31,20,13,Mineral,-,-0.0387479,101.404994500000,"37,1722007","0,036",,,,Mardianto,30/09/2021 10:53,50000,"929,34",-,Approach 5,media/SRK_1_75.jpg,media/SRK_2_75.jpg,media/SRK_3_75.jpg,media/SRK_4_75.jpg,adopsipohonriau/75,
76,SRK0078GS,Cempedak Hutan,Artocarpus heterophyllus,Pohon Dewasa,icon/mature_tree.svg,-,60,25,13,Mineral,-,-0.0386515,101.405042600000,"43,26453261","0,036",,,,Mardianto,30/09/2021 10:57,200000,"5524,96",-,Approach 5,media/SRK_1_76.jpg,media/SRK_2_76.jpg,media/SRK_3_76.jpg,media/SRK_4_76.jpg,adopsipohonriau/76,
77,SRK0080GS,Meranti,Shorea sp,Pohon Muda,icon/young_tree.svg,-,26,20,13,Mineral,-,-0.0387476,101.404974500000,"58,38216085","0,036",,,,Mardianto,30/09/2021 11:03,50000,"1019,85",-,Approach 5,media/SRK_1_77.jpg,media/SRK_2_77.jpg,media/SRK_3_77.jpg,media/SRK_4_77.jpg,adopsipohonriau/77,
78,SRK0081GS,Arang Arang,Diospyros spp,Pohon Muda,icon/young_tree.svg,Vulnerable,28,19,13,Mineral,-,-0.0385676,101.404922000000,"55,13929563","0,036",,,,Mardianto,30/09/2021 11:15,50000,"1339,81",-,Approach 5,media/SRK_1_78.jpg,media/SRK_2_78.jpg,media/SRK_3_78.jpg,media/SRK_4_78.jpg,adopsipohonriau/78,
79,SRK0082GS,Meranti Kuning,Shorea macroptera,Pohon Muda,icon/young_tree.svg,Least Concern,21,17,13,Mineral,-,-0.0386594,101.405107400000,"45,58777711","0,036",,,,Mardianto,30/09/2021 11:20,50000,"435,77",-,Approach 5,media/SRK_1_79.jpg,media/SRK_2_79.jpg,media/SRK_3_79.jpg,media/SRK_4_79.jpg,adopsipohonriau/79,
80,SRK0083GS,Arang Arang,Diospyros spp,Pohon Muda,icon/young_tree.svg,Vulnerable,20,16,13,Mineral,-,-0.0387059,101.405123600000,"61,38259728","0,036",,,,Mardianto,30/09/2021 11:23,50000,"587,43",-,Approach 5,media/SRK_1_80.jpg,media/SRK_2_80.jpg,media/SRK_3_80.jpg,media/SRK_4_80.jpg,adopsipohonriau/80,
81,SRK0084GS,Arang Arang,Diospyros spp,Pohon Muda,icon/young_tree.svg,Vulnerable,25,12,13,Mineral,-,-0.0386501,101.405064400000,"49,13616583","0,036",,,,Okta,30/09/2021 11:29,50000,"685,78",-,Approach 5,media/SRK_1_81.jpg,media/SRK_2_81.jpg,media/SRK_3_81.jpg,media/SRK_4_81.jpg,adopsipohonriau/81,
82,SRK0086GS,Dara Dara,Myristica spp,Pohon Muda,icon/young_tree.svg,Least Concern,17,20,13,Mineral,-,-0.0385692,101.405007800000,"64,9131098","0,036",,,,Okta,30/09/2021 11:34,50000,"370,29",-,Approach 5,media/SRK_1_82.jpg,media/SRK_2_82.jpg,media/SRK_3_82.jpg,media/SRK_4_82.jpg,adopsipohonriau/82,
83,SRK0085GS,Pasir Pasir,Guettarda speciosa,Pohon Muda,icon/young_tree.svg,Least Concern,21,20,13,Mineral,-,-0.0384449,101.405040700000,"76,68216883","0,036",,,,Mardianto,30/09/2021 11:40,50000,"732,65",-,Approach 5,media/SRK_1_83.jpg,media/SRK_2_83.jpg,media/SRK_3_83.jpg,media/SRK_4_83.jpg,adopsipohonriau/83,
84,SRK0087GS,Bentangor,Calophyllum spp,Pohon Muda,icon/young_tree.svg,Least Concern,25,20,13,Mineral,-,-0.0384298,101.405030800000,"69,04371854","0,036",,,,Mardianto,30/09/2021 11:44,50000,"907,74",-,Approach 5,media/SRK_1_84.jpg,media/SRK_2_84.jpg,media/SRK_3_84.jpg,media/SRK_4_84.jpg,adopsipohonriau/84,
85,SRK0088GS,Bentangor,Calophyllum spp,Pohon Muda,icon/young_tree.svg,Least Concern,18,20,13,Mineral,-,-0.0384254,101.405022200000,"67,72743965","0,036",,,,Marsianto,30/09/2021 11:47,50000,"478,05",-,Approach 5,media/SRK_1_85.jpg,media/SRK_2_85.jpg,media/SRK_3_85.jpg,media/SRK_4_85.jpg,adopsipohonriau/85,
86,SRK0089GS,Marsawa,Anisoptera Marginata,Pohon Muda,icon/young_tree.svg,Vulnerable,16,12,13,Mineral,-,-0.0384663,101.404833000000,"53,39066678","0,036",,,,Mardianto,30/09/2021 11:53,50000,"228,09",-,Approach 5,media/SRK_1_86.jpg,media/SRK_2_86.jpg,media/SRK_3_86.jpg,media/SRK_4_86.jpg,adopsipohonriau/86,
87,SRK0090GS,Marsawa,Anisoptera Marginata,Pohon Muda,icon/young_tree.svg,Vulnerable,15,15,13,Mineral,-,-0.0384395,101.404956500000,"52,95827151","0,036",,,,Mardianto,30/09/2021 11:57,50000,"250,02",-,Approach 5,media/SRK_1_87.jpg,media/SRK_2_87.jpg,media/SRK_3_87.jpg,media/SRK_4_87.jpg,adopsipohonriau/87,
88,SRK0091GS,Mahang,Macaranga spp,Pohon Muda,icon/young_tree.svg,Endangered,21,10,13,Mineral,-,-0.0380271,101.404886800000,"59,80834002","0,036",,,,Mardianto,30/09/2021 12:02,50000,"220,9",-,Approach 5,media/SRK_1_88.jpg,media/SRK_2_88.jpg,media/SRK_3_88.jpg,media/SRK_4_88.jpg,adopsipohonriau/88,
89,SRK0092GS,Mahang,Macaranga spp,Pohon Muda,icon/young_tree.svg,Endangered,14,8,13,Mineral,-,-0.0381271,101.404957300000,"54,43885233","0,036",,,,Mardianto,30/09/2021 12:05,50000,"80,52",-,Approach 5,media/SRK_1_89.jpg,media/SRK_2_89.jpg,media/SRK_3_89.jpg,media/SRK_4_89.jpg,adopsipohonriau/89,
90,SRK0093GS,Mahang,Macaranga spp,Pohon Muda,icon/young_tree.svg,Endangered,17,17,13,Mineral,-,-0.0381316,101.404958700000,"52,59751275","0,036",,,,Mardianto,30/09/2021 12:08,50000,"245,46",-,Approach 5,media/SRK_1_90.jpg,media/SRK_2_90.jpg,media/SRK_3_90.jpg,media/SRK_4_90.jpg,adopsipohonriau/90,
91,SRK0094GS,Mahang,Macaranga spp,Pohon Muda,icon/young_tree.svg,Endangered,33,20,13,Mineral,-,-0.0379997,101.404706600000,"64,06572318","0,036",,,,Mardianto,30/09/2021 12:22,50000,"1049,97",-,Approach 5,media/SRK_1_91.jpg,media/SRK_2_91.jpg,media/SRK_3_91.jpg,media/SRK_4_91.jpg,adopsipohonriau/91,
92,SRK0095GS,Arang Arang,Diospyros spp,Pohon Muda,icon/young_tree.svg,Vulnerable,18,15,13,Mineral,-,-0.0377705,101.405005500000,"64,94278773","0,036",,,,Mardianto,30/09/2021 14:50,50000,"449,04",-,Approach 5,media/SRK_1_92.jpg,media/SRK_2_92.jpg,media/SRK_3_92.jpg,media/SRK_4_92.jpg,adopsipohonriau/92,
93,SRK0096GS,Medang,Alseodaphne sp,Pohon Muda,icon/young_tree.svg,Vulnerable,19,18,13,Mineral,-,-0.0377753,101.404987200000,"61,88020914","0,036",,,,Mardianto,30/09/2021 14:54,50000,"491,61",-,Approach 5,media/SRK_1_93.jpg,media/SRK_2_93.jpg,media/SRK_3_93.jpg,media/SRK_4_93.jpg,adopsipohonriau/93,
94,SRK0097GS,Medang,Alseodaphne sp,Pohon Muda,icon/young_tree.svg,Vulnerable,38,18,13,Mineral,-,-0.0378861,101.405009000000,"53,85684324","0,036",,,,Mardianto,30/09/2021 14:59,50000,"1902,09",-,Approach 5,media/SRK_1_94.jpg,media/SRK_2_94.jpg,media/SRK_3_94.jpg,media/SRK_4_94.jpg,adopsipohonriau/94,
95,SRK0098GS,Arang Arang,Diospyros spp,Pohon Muda,icon/young_tree.svg,Vulnerable,23,20,13,Mineral,-,-0.0378899,101.404939800000,"61,84021907","0,036",,,,Mardianto,30/09/2021 15:03,50000,"959,46",-,Approach 5,media/SRK_1_95.jpg,media/SRK_2_95.jpg,media/SRK_3_95.jpg,media/SRK_4_95.jpg,adopsipohonriau/95,
96,SRK0099GS,Meranti,Shorea sp,Pohon Dewasa,icon/mature_tree.svg,-,42,25,13,Mineral,-,-0.0379605,101.404953700000,"77,26689217","0,036",,,,Mardianto,30/09/2021 15:07,200000,"3233,5",-,Approach 5,media/SRK_1_96.jpg,media/SRK_2_96.jpg,media/SRK_3_96.jpg,media/SRK_4_96.jpg,adopsipohonriau/96,
97,SRK0100GS,Kapinus,Sloetia elongata,Pohon Muda,icon/young_tree.svg,-,21,15,13,Mineral,-,-0.0379302,101.404955200000,"70,33105154","0,036",,,,Mardianto,30/09/2021 15:11,50000,"740,42",-,Approach 5,media/SRK_1_97.jpg,media/SRK_2_97.jpg,media/SRK_3_97.jpg,media/SRK_4_97.jpg,adopsipohonriau/97,
98,SRK0101GS,Rengas,Gluta aptera,Pohon Dewasa,icon/mature_tree.svg,-,90,20,13,Mineral,-,-0.0383172,101.404322800000,"50,4245799","0,035",,,,Fahrizal,10/01/2021 8:00,200000,"12353,62",-,Approach 5,media/SRK_1_98.jpg,media/SRK_2_98.jpg,media/SRK_3_98.jpg,media/SRK_4_98.jpg,adopsipohonriau/98,
99,SRK0102GS,Bentangor,Calophyllum spp,Pohon Dewasa,icon/mature_tree.svg,Least Concern,41,16,13,Mineral,-,-0.0382931,101.404285900000,"54,06131175","0,035",,,,Fahrizal,10/01/2021 8:25,200000,"1917,57",-,Approach 5,media/SRK_1_99.jpg,media/SRK_2_99.jpg,media/SRK_3_99.jpg,media/SRK_4_99.jpg,adopsipohonriau/99,
100,SRK0103GS,Sendok-Sendok,Endospermum spp,Pohon Dewasa,icon/mature_tree.svg,Least Concern,"40,1",12,13,Mineral,-,-0.0383394,101.404393500000,"61,64831432","0,035",,,,Fahrizal,10/01/2021 8:35,200000,"889,63",-,Approach 5,media/SRK_1_100.jpg,media/SRK_2_100.jpg,media/SRK_3_100.jpg,media/SRK_4_100.jpg,adopsipohonriau/100,
101,SRK0104GS,Sendok-Sendok,Endospermum spp,Pohon Dewasa,icon/mature_tree.svg,Least Concern,40,14,13,Mineral,-,-0.0383371,101.404392000000,"61,63614785","0,035",,,,Fahrizal,10/01/2021 8:49,200000,"1029,04",-,Approach 5,media/SRK_1_101.jpg,media/SRK_2_101.jpg,media/SRK_3_101.jpg,media/SRK_4_101.jpg,adopsipohonriau/101,
102,SRK0105GS,Sendok-Sendok,Endospermum spp,Pohon Muda,icon/young_tree.svg,Least Concern,20,10,13,Mineral,-,-0.0383467,101.404440000000,"60,97196206","0,035",,,,Adep,10/01/2021 9:01,50000,"191,51",-,Approach 5,media/SRK_1_102.jpg,media/SRK_2_102.jpg,media/SRK_3_102.jpg,media/SRK_4_102.jpg,adopsipohonriau/102,
103,SRK0106GS,Meranti Putih,Shorea javanica,Pohon Muda,icon/young_tree.svg,Endangered,24,9,13,Mineral,-,-0.0385599,101.404423000000,"66,37985372","0,035",,,,Adep,10/01/2021 9:06,50000,"377,44",-,Approach 5,media/SRK_1_103.jpg,media/SRK_2_103.jpg,media/SRK_3_103.jpg,media/SRK_4_103.jpg,adopsipohonriau/103,
104,SRK0107GS,Mahang,Macaranga spp,Pohon Muda,icon/young_tree.svg,Endangered,36,14,13,Mineral,-,-0.0385495,101.404664500000,"56,81132987","0,035",,,,Adep,10/01/2021 9:25,50000,"878,53",-,Approach 5,media/SRK_1_104.jpg,media/SRK_2_104.jpg,media/SRK_3_104.jpg,media/SRK_4_104.jpg,adopsipohonriau/104,
105,SRK0108GS,Pasir-Pasir,Guettarda speciosa,Pohon Muda,icon/young_tree.svg,Least Concern,7,6,13,Mineral,-,-0.0388196,101.404649500000,"63,48228034","0,035",,,,Adep,10/01/2021 9:40,50000,"26,5",-,Approach 5,media/SRK_1_105.jpg,media/SRK_2_105.jpg,media/SRK_3_105.jpg,media/SRK_4_105.jpg,adopsipohonriau/105,
106,SRK0109GS,Meranti Putih,Shorea javanica,Pohon Muda,icon/young_tree.svg,Endangered,24,14,13,Mineral,-,-0.0388338,101.404870000000,"26,56253928","0,035",,,,Adek Lphd,10/01/2021 9:43,50000,"580,93",-,Approach 5,media/SRK_1_106.jpg,media/SRK_2_106.jpg,media/SRK_3_106.jpg,media/SRK_4_106.jpg,adopsipohonriau/106,
107,SRK0110GS,Meranti Putih,Shorea javanica,Pohon Muda,icon/young_tree.svg,Endangered,10,10,13,Mineral,-,-0.0387859,101.404774200000,"52,01447364","0,035",,,,Adek Lphd,10/01/2021 9:50,50000,"75,74",-,Approach 5,media/SRK_1_107.jpg,media/SRK_2_107.jpg,media/SRK_3_107.jpg,media/SRK_4_107.jpg,adopsipohonriau/107,
108,SRK0111GS,Meranti,Shorea sp,Pohon Muda,icon/young_tree.svg,-,8,6,13,Mineral,-,-0.0387853,101.404783800000,"46,89597075","0,035",,,,Adek Lphd,10/01/2021 10:00,50000,"31,55",-,Approach 5,media/SRK_1_108.jpg,media/SRK_2_108.jpg,media/SRK_3_108.jpg,media/SRK_4_108.jpg,adopsipohonriau/108,
109,SRK0112GS,Pasir-Pasir,Guettarda speciosa,Pohon Muda,icon/young_tree.svg,Least Concern,33,16,13,Mineral,-,-0.0387682,101.404767900000,"51,57677406","0,035",,,,Adek Lphd,10/01/2021 10:10,50000,"1423,9",-,Approach 5,media/SRK_1_109.jpg,media/SRK_2_109.jpg,media/SRK_3_109.jpg,media/SRK_4_109.jpg,adopsipohonriau/109,
110,SRK0113GS,Kedondong,Spondias dulcis,Pohon Muda,icon/young_tree.svg,-,27,18,13,Mineral,-,-0.0385645,101.404829900000,"51,9051345","0,035",,,,Adep Lphd,10/01/2021 10:15,50000,"521,54",-,Approach 5,media/SRK_1_110.jpg,media/SRK_2_110.jpg,media/SRK_3_110.jpg,media/SRK_4_110.jpg,adopsipohonriau/110,
111,SRK0114GS,Medang,Alseodaphne sp,Pohon Muda,icon/young_tree.svg,Vulnerable,18,14,13,Mineral,-,-0.0385797,101.404922100000,"37,91081127","0,036",,,,Adep,10/01/2021 10:25,50000,"346,15",-,Approach 5,media/SRK_1_111.jpg,media/SRK_2_111.jpg,media/SRK_3_111.jpg,media/SRK_4_111.jpg,adopsipohonriau/111,
112,SRK0115GS,Ambacang,Mangifera foetida,Pohon Muda,icon/young_tree.svg,Least Concern,25,10,13,Mineral,-,-0.0386314,101.404863800000,"61,85087646","0,035",,,,Adep Lphd,10/01/2021 10:30,50000,"469,72",-,Approach 5,media/SRK_1_112.jpg,media/SRK_2_112.jpg,media/SRK_3_112.jpg,media/SRK_4_112.jpg,adopsipohonriau/112,
113,SRK0116GS,Medang Kuning,Alseodaphne umbelliflora,Pohon Muda,icon/young_tree.svg,Least Concern,22,12,13,Mineral,-,-0.0386714,101.404945600000,"59,72016629","0,036",,,,Adep Lphd,10/01/2021 10:45,50000,"440,59",-,Approach 5,media/SRK_1_113.jpg,media/SRK_2_113.jpg,media/SRK_3_113.jpg,media/SRK_4_113.jpg,adopsipohonriau/113,
114,SRK0117GS,Pasir-Pasir,Guettarda speciosa,Pohon Muda,icon/young_tree.svg,Least Concern,28,13,13,Mineral,-,-0.0387213,101.404987300000,"66,7869897","0,036",,,,Adep Lphd,10/01/2021 10:55,50000,"843,69",-,Approach 5,media/SRK_1_114.jpg,media/SRK_2_114.jpg,media/SRK_3_114.jpg,media/SRK_4_114.jpg,adopsipohonriau/114,
115,SRK0118GS,Sendok-Sendok,Endospermum spp,Pohon Dewasa,icon/mature_tree.svg,Least Concern,41,20,13,Mineral,-,-0.0385325,101.404898700000,"72,07817644","0,036",,,,Adep Lphd,10/01/2021 11:05,200000,"1529,51",-,Approach 5,media/SRK_1_115.jpg,media/SRK_2_115.jpg,media/SRK_3_115.jpg,media/SRK_4_115.jpg,adopsipohonriau/115,
116,SRK0119GS,Pulai,Alstonia spp,Pohon Muda,icon/young_tree.svg,Least Concern,34,18,13,Mineral,-,-0.0385402,101.404724800000,"71,17183059","0,035",,,,Adep Lphd,10/01/2021 11:13,50000,"1147,35",-,Approach 5,media/SRK_1_116.jpg,media/SRK_2_116.jpg,media/SRK_3_116.jpg,media/SRK_4_116.jpg,adopsipohonriau/116,
117,SRK0120GS,Mahang,Macaranga spp,Pohon Muda,icon/young_tree.svg,Endangered,23,17,13,Mineral,-,-0.0384836,101.404779300000,"69,13008468","0,035",,,,Adep Lphd,10/01/2021 11:24,50000,"442,83",-,Approach 5,media/SRK_1_117.jpg,media/SRK_2_117.jpg,media/SRK_3_117.jpg,media/SRK_4_117.jpg,adopsipohonriau/117,
118,SRK0121GS,Mahang,Macaranga spp,Pohon Muda,icon/young_tree.svg,Endangered,25,17,13,Mineral,-,-0.038412,101.4047912,"54,91096353","0,035",,,,Adep Lphd,10/01/2021 11:30,50000,"521,11",-,Approach 5,media/SRK_1_118.jpg,media/SRK_2_118.jpg,media/SRK_3_118.jpg,media/SRK_4_118.jpg,adopsipohonriau/118,
119,SRK0122GS,Mahang,Macaranga spp,Pohon Muda,icon/young_tree.svg,Endangered,30,19,13,Mineral,-,-0.0384917,101.404674200000,"44,48874951","0,035",,,,Adep Lphd,10/01/2021 11:36,50000,"829,15",-,Approach 5,media/SRK_1_119.jpg,media/SRK_2_119.jpg,media/SRK_3_119.jpg,media/SRK_4_119.jpg,adopsipohonriau/119,
120,SRK0123GS,Mahang,Macaranga spp,Pohon Muda,icon/young_tree.svg,Endangered,27,20,13,Mineral,-,-0.0382798,101.404702200000,"71,17602753","0,035",,,,Adep Lphd,10/01/2021 11:43,50000,"709,67",-,Approach 5,media/SRK_1_120.jpg,media/SRK_2_120.jpg,media/SRK_3_120.jpg,media/SRK_4_120.jpg,adopsipohonriau/120,
121,SRK0124GS,Meranti,Shorea sp,Pohon Dewasa,icon/mature_tree.svg,-,43,23,13,Mineral,-,-0.0385218,101.404906200000,"63,23795053","0,036",,,,Adep Lphd,10/01/2021 11:47,200000,"3120,89",-,Approach 5,media/SRK_1_121.jpg,media/SRK_2_121.jpg,media/SRK_3_121.jpg,media/SRK_4_121.jpg,adopsipohonriau/121,
122,SRK0125GS,Mendarahan,Myristica iners,Pohon Muda,icon/young_tree.svg,Least Concern,21,18,13,Mineral,-,-0.0382956,101.404947900000,"29,41645955","0,036",,,,Adep Lphd,10/01/2021 11:52,50000,"494,05",-,Approach 5,media/SRK_1_122.jpg,media/SRK_2_122.jpg,media/SRK_3_122.jpg,media/SRK_4_122.jpg,adopsipohonriau/122,
123,SRK0126GS,Mempening,Quercus argentata,Pohon Muda,icon/young_tree.svg,Least Concern,20,15,13,Mineral,-,-0.0383261,101.404986400000,"68,4393175","0,036",,,,Adep Lphd,09/01/2021 13:35,50000,"602,42",-,Approach 5,media/SRK_1_123.jpg,media/SRK_2_123.jpg,media/SRK_3_123.jpg,media/SRK_4_123.jpg,adopsipohonriau/123,
124,SRK0127GS,Meranti,Shorea sp,Pohon Muda,icon/young_tree.svg,-,11,14,13,Mineral,-,-0.0383518,101.404966500000,"50,97841415","0,036",,,,Adep Lphd,10/01/2021 13:45,50000,"134,31",-,Approach 5,media/SRK_1_124.jpg,media/SRK_2_124.jpg,media/SRK_3_124.jpg,media/SRK_4_124.jpg,adopsipohonriau/124,
125,SRK0128GS,Mahang,Macaranga spp,Pohon Muda,icon/young_tree.svg,Endangered,31,20,13,Mineral,-,-0.0383886,101.405024400000,"71,29885097","0,036",,,,Adep Lphd,10/01/2021 13:53,50000,"929,34",-,Approach 5,media/SRK_1_125.jpg,media/SRK_2_125.jpg,media/SRK_3_125.jpg,media/SRK_4_125.jpg,adopsipohonriau/125,
126,SRK0129GS,Mempening,Quercus argentata,Pohon Muda,icon/young_tree.svg,Least Concern,19,14,13,Mineral,-,-0.0383204,101.405046800000,"71,47527824","0,036",,,,Adep Lphd,10/01/2021 15:11,50000,"509,53",-,Approach 5,media/SRK_1_126.jpg,media/SRK_2_126.jpg,media/SRK_3_126.jpg,media/SRK_4_126.jpg,adopsipohonriau/126,
127,SRK0130GS,Jangkang,Sterculia foetida,Pohon Muda,icon/young_tree.svg,-,9,8,13,Mineral,-,-0.0381179,101.404806500000,"64,32564281","0,036",,,,Adep Lphd,10/01/2021 14:19,50000,"46,1",-,Approach 5,media/SRK_1_127.jpg,media/SRK_2_127.jpg,media/SRK_3_127.jpg,media/SRK_4_127.jpg,adopsipohonriau/127,
128,SRK0131GS,Ridan,Nephelium mangayi,Pohon Muda,icon/young_tree.svg,-,27,20,13,Mineral,-,-0.0380028,101.404792500000,"36,81010346","0,036",,,,Adep Lphd,10/01/2021 14:25,50000,"493,44",-,Approach 5,media/SRK_1_128.jpg,media/SRK_2_128.jpg,media/SRK_3_128.jpg,media/SRK_4_128.jpg,adopsipohonriau/128,
129,SRK0132GS,Mahang,Macaranga spp,Pohon Muda,icon/young_tree.svg,Endangered,9,8,13,Mineral,-,-0.0380174,101.404771800000,"51,54896126","0,036",,,,Adep Lphd,10/01/2021 14:54,50000,"33,99",-,Approach 5,media/SRK_1_129.jpg,media/SRK_2_129.jpg,media/SRK_3_129.jpg,media/SRK_4_129.jpg,adopsipohonriau/129,
130,SRK0133GS,Mahang,Macaranga spp,Pohon Muda,icon/young_tree.svg,Endangered,11,8,13,Mineral,-,-0.0380018,101.404793900000,"54,08992299","0,036",,,,Adep Lphd,10/01/2021 15:16,50000,"50,29",-,Approach 5,media/SRK_1_130.jpg,media/SRK_2_130.jpg,media/SRK_3_130.jpg,media/SRK_4_130.jpg,adopsipohonriau/130,
131,SRK0134GS,Selusui,Cinnamomum spp,Pohon Muda,icon/young_tree.svg,Least Concern,10,8,13,Mineral,-,-0.0380002,101.404785600000,"54,96872752","0,036",,,,Adep Lphd,10/01/2021 15:23,50000,"51,32",-,Approach 5,media/SRK_1_131.jpg,media/SRK_2_131.jpg,media/SRK_3_131.jpg,media/SRK_4_131.jpg,adopsipohonriau/131,
132,SRK0136GS,Pasir-Pasir,Guettarda speciosa,Pohon Muda,icon/young_tree.svg,Least Concern,35,18,13,Mineral,-,-0.0377958,101.404970900000,"59,69544299","0,036",,,,Adep Lphd,10/01/2021 15:59,50000,"1791,79",-,Approach 5,media/SRK_1_132.jpg,media/SRK_2_132.jpg,media/SRK_3_132.jpg,media/SRK_4_132.jpg,adopsipohonriau/132,
133,SRK0135GS,Medang,Alseodaphne sp,Pohon Muda,icon/young_tree.svg,Vulnerable,24,18,13,Mineral,-,-0.037756,101.4048829,"71,83123473","0,036",,,,Adep Lphd,10/01/2021 16:06,50000,"775,65",-,Approach 5,media/SRK_1_133.jpg,media/SRK_2_133.jpg,media/SRK_3_133.jpg,media/SRK_4_133.jpg,adopsipohonriau/133,
134,SRK0137GS,Sendok-Sendok,Endospermum spp,Pohon Muda,icon/young_tree.svg,Least Concern,33,20,13,Mineral,-,-0.0378612,101.404988800000,"77,66012035","0,036",,,,Adep Lphd,10/01/2021 16:11,50000,"1001,24",-,Approach 5,media/SRK_1_134.jpg,media/SRK_2_134.jpg,media/SRK_3_134.jpg,media/SRK_4_134.jpg,adopsipohonriau/134,
135,SRK0141GS,Mahang,Macaranga spp,Pohon Muda,icon/young_tree.svg,Endangered,12,8,13,Mineral,-,-0.0379195,101.405011700000,"62,11854769","0,036",,,,Adep,10/01/2021 15:20,50000,"59,59",-,Approach 5,media/SRK_1_135.jpg,media/SRK_2_135.jpg,media/SRK_3_135.jpg,media/SRK_4_135.jpg,adopsipohonriau/135,
136,SRK0142GS,Mahang,Macaranga spp,Pohon Muda,icon/young_tree.svg,Endangered,10,10,13,Mineral,-,-0.0379168,101.405087900000,"61,90861403","0,036",,,,Adep,10/01/2021 15:23,50000,"51,91",-,Approach 5,media/SRK_1_136.jpg,media/SRK_2_136.jpg,media/SRK_3_136.jpg,media/SRK_4_136.jpg,adopsipohonriau/136,
137,SRK0201GS,Pasir Pasir,Guettarda speciosa,Pohon Muda,icon/young_tree.svg,Least Concern,27,13,13,Mineral,-,-0.0387283,101.404636200000,"56,51313781","0,035",,,,Effendi,10/02/2021 8:00,50000,"785,87",-,Approach 5,media/SRK_1_137.jpg,media/SRK_2_137.jpg,media/SRK_3_137.jpg,media/SRK_4_137.jpg,adopsipohonriau/137,
138,SRK0202GS,Marsawa,Anisoptera Marginata,Pohon Dewasa,icon/mature_tree.svg,Vulnerable,40,13,13,Mineral,-,-0.0388944,101.404734300000,"58,71754878","0,035",,,,Effendi,10/02/2021 8:12,200000,"1475,07",-,Approach 5,media/SRK_1_138.jpg,media/SRK_2_138.jpg,media/SRK_3_138.jpg,media/SRK_4_138.jpg,adopsipohonriau/138,
139,SRK0203GS,Rengas,Gluta aptera,Pohon Muda,icon/young_tree.svg,-,19,9,13,Mineral,-,-0.0388595,101.404651900000,"78,93189862","0,035",,,,Effendi,10/02/2021 8:16,50000,"272,13",-,Approach 5,media/SRK_1_139.jpg,media/SRK_2_139.jpg,media/SRK_3_139.jpg,media/SRK_4_139.jpg,adopsipohonriau/139,
140,SRK0204GS,Pasir Pasir,Guettarda speciosa,Pohon Muda,icon/young_tree.svg,Least Concern,35,15,13,Mineral,-,-0.0386867,101.404951700000,"66,03856651","0,036",,,,Hendri,10/02/2021 8:32,50000,"1499,7",-,Approach 5,media/SRK_1_140.jpg,media/SRK_2_140.jpg,media/SRK_3_140.jpg,media/SRK_4_140.jpg,adopsipohonriau/140,
141,SRK0205GS,Medang,Alseodaphne sp,Pohon Muda,icon/young_tree.svg,Vulnerable,15,10,13,Mineral,-,-0.038845,101.4047249,"81,22866836","0,035",,,,Hendri,10/02/2021 8:55,50000,"174,61",-,Approach 5,media/SRK_1_141.jpg,media/SRK_2_141.jpg,media/SRK_3_141.jpg,media/SRK_4_141.jpg,adopsipohonriau/141,
142,SRK0206GS,Pasir Pasir,Guettarda speciosa,Pohon Muda,icon/young_tree.svg,Least Concern,27,13,13,Mineral,-,-0.0390009,101.404734900000,"73,8063358","0,035",,,,Hendri,10/02/2021 9:03,50000,"785,87",-,Approach 5,media/SRK_1_142.jpg,media/SRK_2_142.jpg,media/SRK_3_142.jpg,media/SRK_4_142.jpg,adopsipohonriau/142,
143,SRK0207GS,Sendok Sendok,Endospermum spp,Pohon Muda,icon/young_tree.svg,Least Concern,30,13,13,Mineral,-,-0.0388897,101.404782100000,"72,92011091","0,035",,,,Hendri,10/02/2021 9:17,50000,"545,94",-,Approach 5,media/SRK_1_143.jpg,media/SRK_2_143.jpg,media/SRK_3_143.jpg,media/SRK_4_143.jpg,adopsipohonriau/143,
144,SRK0208GS,Mahang,Macaranga spp,Pohon Muda,icon/young_tree.svg,Endangered,30,14,13,Mineral,-,-0.0388781,101.404887600000,"53,30855602","0,035",,,,Hendri,10/02/2021 9:45,50000,"615,45",-,Approach 5,media/SRK_1_144.jpg,media/SRK_2_144.jpg,media/SRK_3_144.jpg,media/SRK_4_144.jpg,adopsipohonriau/144,
145,SRK0209GS,Kelat,Eugenia spp,Pohon Muda,icon/young_tree.svg,Least Concern,25,12,13,Mineral,-,-0.0388987,101.405032900000,"41,20515314","0,036",,,,Hendri,10/02/2021 10:26,50000,"695,67",-,Approach 5,media/SRK_1_145.jpg,media/SRK_2_145.jpg,media/SRK_3_145.jpg,media/SRK_4_145.jpg,adopsipohonriau/145,
146,SRK0210GS,Kelat,Eugenia spp,Pohon Muda,icon/young_tree.svg,Least Concern,22,13,13,Mineral,-,-0.0388602,101.404797700000,"93,14169393","0,035",,,,Hendri,10/02/2021 10:45,50000,"586,08",-,Approach 5,media/SRK_1_146.jpg,media/SRK_2_146.jpg,media/SRK_3_146.jpg,media/SRK_4_146.jpg,adopsipohonriau/146,
147,SRK0211GS,Kelat,Eugenia spp,Pohon Dewasa,icon/mature_tree.svg,Least Concern,40,20,13,Mineral,-,-0.0387573,101.405029800000,"68,74357326","0,036",,,,Hendri,10/02/2021 10:55,200000,"2866,61",-,Approach 5,media/SRK_1_147.jpg,media/SRK_2_147.jpg,media/SRK_3_147.jpg,media/SRK_4_147.jpg,adopsipohonriau/147,
148,SRK0212GS,Marsawa,Anisoptera Marginata,Pohon Muda,icon/young_tree.svg,Vulnerable,17,13,13,Mineral,-,-0.038809,101.405125,"70,35028081","0,036",,,,Hendri,10/02/2021 11:03,50000,"277,61",-,Approach 5,media/SRK_1_148.jpg,media/SRK_2_148.jpg,media/SRK_3_148.jpg,media/SRK_4_148.jpg,adopsipohonriau/148,
149,SRK0213GS,Arang Arang,Diospyros spp,Pohon Muda,icon/young_tree.svg,Vulnerable,14,8,13,Mineral,-,-0.0387651,101.405030600000,"40,176998","0,036",,,,Hendri,10/02/2021 11:10,50000,"148,86",-,Approach 5,media/SRK_1_149.jpg,media/SRK_2_149.jpg,media/SRK_3_149.jpg,media/SRK_4_149.jpg,adopsipohonriau/149,
150,SRK0214GS,Meranti Kunyit,Shorea hemsleyana,Pohon Muda,icon/young_tree.svg,Vulnerable,27,16,13,Mineral,-,-0.0385856,101.405048600000,"71,85421818","0,036",,,,Hendri,10/02/2021 11:16,50000,"977,39",-,Approach 5,media/SRK_1_150.jpg,media/SRK_2_150.jpg,media/SRK_3_150.jpg,media/SRK_4_150.jpg,adopsipohonriau/150,
151,SRK0215GS,Meranti Batu,shorea sp,Pohon Dewasa,icon/mature_tree.svg,-,48,18,13,Mineral,-,-0.0384859,101.404902600000,"67,6170618","0,036",,,,Hendri,10/02/2021 11:24,200000,"3045,3",-,Approach 5,media/SRK_1_151.jpg,media/SRK_2_151.jpg,media/SRK_3_151.jpg,media/SRK_4_151.jpg,adopsipohonriau/151,
152,SRK0216GS,Meranti Batu,shorea sp,Pohon Dewasa,icon/mature_tree.svg,-,40,18,13,Mineral,-,-0.0384019,101.405141400000,"71,60607194","0,036",,,,Hendri,10/02/2021 11:27,200000,"2133,38",-,Approach 5,media/SRK_1_152.jpg,media/SRK_2_152.jpg,media/SRK_3_152.jpg,media/SRK_4_152.jpg,adopsipohonriau/152,
153,SRK0217GS,Arang Arang,Diospyros spp,Pohon Dewasa,icon/mature_tree.svg,Vulnerable,45,20,13,Mineral,-,-0.0387061,101.405165000000,"96,05142043","0,036",,,,Hendri,10/02/2021 11:31,200000,"3556,34",-,Approach 5,media/SRK_1_153.jpg,media/SRK_2_153.jpg,media/SRK_3_153.jpg,media/SRK_4_153.jpg,adopsipohonriau/153,
154,SRK0218GS,Pisang Pisang,Alphonsea spp,Pohon Muda,icon/young_tree.svg,Least Concern,33,18,13,Mineral,-,-0.0386494,101.405178400000,"70,11704742","0,036",,,,Hendri,10/01/2021 11:37,50000,"1780,36",-,Approach 5,media/SRK_1_154.jpg,media/SRK_2_154.jpg,media/SRK_3_154.jpg,media/SRK_4_154.jpg,adopsipohonriau/154,
155,SRK0220GS,Pasir Pasir,Guettarda speciosa,Pohon Muda,icon/young_tree.svg,Least Concern,21,12,13,Mineral,-,-0.0383278,101.405260000000,"82,9107517","0,036",,,,Hendri,10/02/2021 11:41,50000,"445,01",-,Approach 5,media/SRK_1_155.jpg,media/SRK_2_155.jpg,media/SRK_3_155.jpg,media/SRK_4_155.jpg,adopsipohonriau/155,
156,SRK0220GS,Pisang Pisang,Alphonsea spp,Pohon Muda,icon/young_tree.svg,Least Concern,34,17,13,Mineral,-,-0.0383439,101.404942000000,"72,95970635","0,036",,,,Hendri,10/02/2021 11:48,50000,"1784,79",-,Approach 5,media/SRK_1_156.jpg,media/SRK_2_156.jpg,media/SRK_3_156.jpg,media/SRK_4_156.jpg,adopsipohonriau/156,
157,SRK0221GS,Balam Merah,Palaquium sp,Pohon Muda,icon/young_tree.svg,-,12,11,13,Mineral,-,-0.0381405,101.404944300000,"74,27094205","0,036",,,,Hendri,10/02/2021 11:56,50000,"63,42",-,Approach 5,media/SRK_1_157.jpg,media/SRK_2_157.jpg,media/SRK_3_157.jpg,media/SRK_4_157.jpg,adopsipohonriau/157,
158,SRK0222GS,Rempinis,Sloetia elongata,Pohon Muda,icon/young_tree.svg,-,14,8,13,Mineral,-,-0.0380912,101.404845800000,"37,94362125","0,036",,,,Hendri,10/02/2021 12:03,50000,"181,68",-,Approach 5,media/SRK_1_158.jpg,media/SRK_2_158.jpg,media/SRK_3_158.jpg,media/SRK_4_158.jpg,adopsipohonriau/158,
159,SRK0223GS,Mahang,Macaranga spp,Pohon Muda,icon/young_tree.svg,Endangered,27,14,13,Mineral,-,-0.0379805,101.404722300000,"67,90786045","0,036",,,,Hendri,10/02/2021 12:10,50000,"501,04",-,Approach 5,media/SRK_1_159.jpg,media/SRK_2_159.jpg,media/SRK_3_159.jpg,media/SRK_4_159.jpg,adopsipohonriau/159,
160,SRK0224GS,Sendok Sendok,Endospermum spp,Pohon Muda,icon/young_tree.svg,Least Concern,23,15,13,Mineral,-,-0.0379602,101.404542200000,"79,17473119","0,035",,,,Hendri,10/02/2021 12:15,50000,"373,72",-,Approach 5,media/SRK_1_160.jpg,media/SRK_2_160.jpg,media/SRK_3_160.jpg,media/SRK_4_160.jpg,adopsipohonriau/160,
161,SRK0225GS,Mahang,Macaranga spp,Pohon Muda,icon/young_tree.svg,Endangered,14,9,13,Mineral,-,-0.0380576,101.404626000000,"78,58323988","0,035",,,,Hendri,10/02/2021 12:20,50000,"90,33",-,Approach 5,media/SRK_1_161.jpg,media/SRK_2_161.jpg,media/SRK_3_161.jpg,media/SRK_4_161.jpg,adopsipohonriau/161,
162,SRK0050GS,Pasang Pasang,Quercus argentata,Pohon Muda,icon/young_tree.svg,Least Concern,16,10,13,Mineral,-,-0.037782,101.4049089,"57,45337944","0,036",,,,Fahrizal,29/09/2021 14:49,50000,"262,34",-,Approach 5,media/SRK_1_162.jpg,media/SRK_2_162.jpg,media/SRK_3_162.jpg,media/SRK_4_162.jpg,adopsipohonriau/162,
163,SRK0227GS,Medang,Alseodaphne sp,Pohon Muda,icon/young_tree.svg,Vulnerable,17,13,13,Mineral,-,-0.0378088,101.405008300000,"64,82527434","0,036",,,,Hendri,10/02/2021 14:58,50000,288,-,Approach 5,media/SRK_1_163.jpg,media/SRK_2_163.jpg,media/SRK_3_163.jpg,media/SRK_4_163.jpg,adopsipohonriau/163,
164,SRK0228GS,Pasir Pasir,Guettarda speciosa,Pohon Muda,icon/young_tree.svg,Least Concern,27,13,13,Mineral,-,-0.0379367,101.404826400000,"75,33581773","0,036",,,,Hendri,10/02/2021 15:02,50000,"785,87",-,Approach 5,media/SRK_1_164.jpg,media/SRK_2_164.jpg,media/SRK_3_164.jpg,media/SRK_4_164.jpg,adopsipohonriau/164,
165,SRK0138GS,Kempas,Koompassia malaccensis,Pohon Muda,icon/young_tree.svg,Conservation dependent,19,13,13,Mineral,-,-0.0378803,101.405016600000,"71,00052287","0,036",,,,Adep,10/01/2021 15:07,50000,"514,35",-,Approach 5,media/SRK_1_165.jpg,media/SRK_2_165.jpg,media/SRK_3_165.jpg,media/SRK_4_165.jpg,adopsipohonriau/165,
166,SRK0139GS,Meranti,Shorea sp,Pohon Muda,icon/young_tree.svg,-,12,14,13,Mineral,-,-0.0379203,101.404944300000,"81,90571692","0,036",,,,Adep,10/01/2021 15:11,50000,"159,18",-,Approach 5,media/SRK_1_166.jpg,media/SRK_2_166.jpg,media/SRK_3_166.jpg,media/SRK_4_166.jpg,adopsipohonriau/166,
167,SRK0140GS,Pasir Pasir,Guettarda speciosa,Pohon Muda,icon/young_tree.svg,Least Concern,10,10,13,Mineral,-,-0.0377953,101.405113000000,"79,08973832","0,036",,,,Adep,10/01/2021 15:14,50000,"87,52",-,Approach 5,media/SRK_1_167.jpg,media/SRK_2_167.jpg,media/SRK_3_167.jpg,media/SRK_4_167.jpg,adopsipohonriau/167,
168,SRK0229GS,Pasir Pasir,Guettarda speciosa,Pohon Muda,icon/young_tree.svg,Least Concern,39,18,13,Mineral,-,-0.0379249,101.404947300000,"54,59404418","0,036",,,,Hendri,10/02/2021 15:16,50000,"2213,21",-,Approach 5,media/SRK_1_168.jpg,media/SRK_2_168.jpg,media/SRK_3_168.jpg,media/SRK_4_168.jpg,adopsipohonriau/168,
169,SRK0143GS,Mahang,Macaranga spp,Pohon Muda,icon/young_tree.svg,Endangered,22,12,13,Mineral,-,-0.0379569,101.405067600000,"74,42331197","0,036",,,,Hendri,10/01/2021 15:21,50000,"289,02",-,Approach 5,media/SRK_1_169.jpg,media/SRK_2_169.jpg,media/SRK_3_169.jpg,media/SRK_4_169.jpg,adopsipohonriau/169,
170,SRK0145GS,Kayu Hitam,Diospyros rumphii,Pohon Muda,icon/young_tree.svg,Data deficent,24,15,13,Mineral,-,-0.0378945,101.405199700000,"66,94368152","0,036",,,,Hendri,10/01/2021 15:24,50000,"994,47",-,Approach 5,media/SRK_1_170.jpg,media/SRK_2_170.jpg,media/SRK_3_170.jpg,media/SRK_4_170.jpg,adopsipohonriau/170,
171,SRK0146GS,Pasir Pasir,Guettarda speciosa,Pohon Muda,icon/young_tree.svg,Least Concern,27,18,13,Mineral,-,-0.0379517,101.405193300000,"66,94368152","0,036",,,,Hendri,10/01/2021 15:27,50000,"1079,66",-,Approach 5,media/SRK_1_171.jpg,media/SRK_2_171.jpg,media/SRK_3_171.jpg,media/SRK_4_171.jpg,adopsipohonriau/171,
172,SRK0147GS,Sendok Sendok,Endospermum spp,Pohon Muda,icon/young_tree.svg,Least Concern,37,20,13,Mineral,-,-0.0378357,101.405244600000,"46,20803843","0,036",,,,Hendri,10/01/2021 15:30,50000,"1251,78",-,Approach 5,media/SRK_1_172.jpg,media/SRK_2_172.jpg,media/SRK_3_172.jpg,media/SRK_4_172.jpg,adopsipohonriau/172,
173,SRK0148GS,Pasang Pasang,Quercus argentata,Pohon Muda,icon/young_tree.svg,Least Concern,14,15,13,Mineral,-,-0.0378822,101.405127400000,"38,56060751","0,036",,,,Hendri,10/01/2021 15:33,50000,"300,28",-,Approach 5,media/SRK_1_173.jpg,media/SRK_2_173.jpg,media/SRK_3_173.jpg,media/SRK_4_173.jpg,adopsipohonriau/173,
174,SRK0149GS,Meranti,Shorea sp,Pohon Muda,icon/young_tree.svg,-,14,20,13,Mineral,-,-0.0379717,101.405321800000,"55,41093599","0,036",,,,Adep,10/01/2021 15:35,50000,"304,61",-,Approach 5,media/SRK_1_174.jpg,media/SRK_2_174.jpg,media/SRK_3_174.jpg,media/SRK_4_174.jpg,adopsipohonriau/174,
175,SRK0150GS,Cempedak,Artocarpus heterophyllus,Pohon Muda,icon/young_tree.svg,-,28,15,13,Mineral,-,-0.0381354,101.405101800000,"38,63945627","0,036",,,,Hendri,10/01/2021 15:36,50000,"758,06",-,Approach 5,media/SRK_1_175.jpg,media/SRK_2_175.jpg,media/SRK_3_175.jpg,media/SRK_4_175.jpg,adopsipohonriau/175,
176,SRK0230GS,Mahang,Macaranga spp,Pohon Muda,icon/young_tree.svg,Endangered,25,17,13,Mineral,-,-0.0379254,101.405237700000,"43,37080991","0,036",,,,Adep,10/02/2021 15:40,50000,"521,11",-,Approach 5,media/SRK_1_176.jpg,media/SRK_2_176.jpg,media/SRK_3_176.jpg,media/SRK_4_176.jpg,adopsipohonriau/176,
177,SRK0231GS,Meranti Merah,Shorea scaberrima,Pohon Muda,icon/young_tree.svg,Near Threatened,20,22,13,Mineral,-,-0.0378015,101.405107500000,"43,62248932","0,036",,,,Hendri,10/02/2021 15:41,50000,"577,05",-,Approach 5,media/SRK_1_177.jpg,media/SRK_2_177.jpg,media/SRK_3_177.jpg,media/SRK_4_177.jpg,adopsipohonriau/177,
178,SRK0232GS,Mahang,Macaranga spp,Pohon Muda,icon/young_tree.svg,Endangered,31,14,13,Mineral,-,-0.0376722,101.405293000000,"47,60846334","0,036",,,,Adep,10/02/2021 15:44,50000,"656,13",-,Approach 5,media/SRK_1_178.jpg,media/SRK_2_178.jpg,media/SRK_3_178.jpg,media/SRK_4_178.jpg,adopsipohonriau/178,
179,SRK0233GS,Kempas,Koompassia malaccensis,Pohon Muda,icon/young_tree.svg,Conservation dependent,17,13,13,Mineral,-,-0.0376658,101.405239300000,"43,15749241","0,036",,,,Hendri,10/02/2021 15:47,50000,"413,97",-,Approach 5,media/SRK_1_179.jpg,media/SRK_2_179.jpg,media/SRK_3_179.jpg,media/SRK_4_179.jpg,adopsipohonriau/179,
180,SRK0234GS,Mahang,Macaranga spp,Pohon Muda,icon/young_tree.svg,Endangered,22,13,13,Mineral,-,-0.0376793,101.405211300000,"40,96075317","0,036",,,,Adep,10/02/2021 15:49,50000,"312,5",-,Approach 5,media/SRK_1_180.jpg,media/SRK_2_180.jpg,media/SRK_3_180.jpg,media/SRK_4_180.jpg,adopsipohonriau/180,
181,SRK0235GS,Mahang,Macaranga spp,Pohon Muda,icon/young_tree.svg,Endangered,21,10,13,Mineral,-,-0.0377429,101.405232000000,"48,85336967","0,036",,,,Hendri.,10/02/2021 15:51,50000,"220,9",-,Approach 5,media/SRK_1_181.jpg,media/SRK_2_181.jpg,media/SRK_3_181.jpg,media/SRK_4_181.jpg,adopsipohonriau/181,
182,SRK0236GS,Mahang,Macaranga spp,Pohon Muda,icon/young_tree.svg,Endangered,17,15,13,Mineral,-,-0.0377463,101.405131700000,"51,61713817","0,036",,,,Adep,10/02/2021 15:53,50000,"217,24",-,Approach 5,media/SRK_1_182.jpg,media/SRK_2_182.jpg,media/SRK_3_182.jpg,media/SRK_4_182.jpg,adopsipohonriau/182,
183,SRK0237GS,Mahang,Macaranga spp,Pohon Muda,icon/young_tree.svg,Endangered,15,18,13,Mineral,-,-0.0377875,101.405213600000,"45,65113271","0,036",,,,Hendri,10/02/2021 15:57,50000,"203,29",-,Approach 5,media/SRK_1_183.jpg,media/SRK_2_183.jpg,media/SRK_3_183.jpg,media/SRK_4_183.jpg,adopsipohonriau/183,
184,SRK0238GS,Kelat,Eugenia spp,Pohon Muda,icon/young_tree.svg,Least Concern,12,12,13,Mineral,-,-0.0379442,101.404901300000,"49,30910919","0,036",,,,Hendri,10/02/2021 16:00,50000,"166,03",-,Approach 5,media/SRK_1_184.jpg,media/SRK_2_184.jpg,media/SRK_3_184.jpg,media/SRK_4_184.jpg,adopsipohonriau/184,
185,SRK0239GS,Sendok Sendok,Endospermum spp,Pohon Dewasa,icon/mature_tree.svg,Least Concern,40,25,13,Mineral,-,-0.0377142,101.405348800000,"50,5863318","0,036",,,,Adep,10/02/2021 16:04,200000,"1812,19",-,Approach 5,media/SRK_1_185.jpg,media/SRK_2_185.jpg,media/SRK_3_185.jpg,media/SRK_4_185.jpg,adopsipohonriau/185,
186,SRK0240GS,Sendok Sendok,Endospermum spp,Pohon Muda,icon/young_tree.svg,Least Concern,28,26,13,Mineral,-,-0.0377215,101.405357300000,"46,23261592","0,036",,,,Hendri,10/02/2021 16:06,50000,"938,55",-,Approach 5,media/SRK_1_186.jpg,media/SRK_2_186.jpg,media/SRK_3_186.jpg,media/SRK_4_186.jpg,adopsipohonriau/186,
187,SRK0242GS,Mahang,Macaranga spp,Pohon Muda,icon/young_tree.svg,Endangered,23,14,13,Mineral,-,-0.0377183,101.405411000000,"59,46627549","0,036",,,,Adep,10/02/2021 16:08,50000,"366,39",-,Approach 5,media/SRK_1_187.jpg,media/SRK_2_187.jpg,media/SRK_3_187.jpg,media/SRK_4_187.jpg,adopsipohonriau/187,
188,SRK0241GS,Sendok Sendok,Endospermum spp,Pohon Dewasa,icon/mature_tree.svg,Least Concern,44,30,13,Mineral,-,-0.0377061,101.405334500000,"57,74454435","0,036",,,,Hendri,10/02/2021 16:10,200000,"2607,85",-,Approach 5,media/SRK_1_188.jpg,media/SRK_2_188.jpg,media/SRK_3_188.jpg,media/SRK_4_188.jpg,adopsipohonriau/188,
189,SRK0243GS,Pasir Pasir,Guettarda speciosa,Pohon Muda,icon/young_tree.svg,Least Concern,23,15,13,Mineral,-,-0.0376995,101.405369700000,"47,24161544","0,036",,,,Adep,10/02/2021 16:12,50000,"660,81",-,Approach 5,media/SRK_1_189.jpg,media/SRK_2_189.jpg,media/SRK_3_189.jpg,media/SRK_4_189.jpg,adopsipohonriau/189,
190,SRK0244GS,Sendok Sendok,Endospermum spp,Pohon Muda,icon/young_tree.svg,Least Concern,37,26,13,Mineral,-,-0.0378508,101.405378700000,"56,07856731","0,036",,,,Hendri,10/02/2021 16:15,50000,"1617,1",-,Approach 5,media/SRK_1_190.jpg,media/SRK_2_190.jpg,media/SRK_3_190.jpg,media/SRK_4_190.jpg,adopsipohonriau/190,
191,SRK0245GS,Terap,Artocarpus odoratissimus,Pohon Muda,icon/young_tree.svg,Near Threatened,19,14,13,Mineral,-,-0.0378008,101.405312200000,"49,50671006","0,036",,,,Adep,10/02/2021 16:18,50000,"332,46",-,Approach 5,media/SRK_1_191.jpg,media/SRK_2_191.jpg,media/SRK_3_191.jpg,media/SRK_4_191.jpg,adopsipohonriau/191,
192,SRK0246GS,Meranti,Shorea sp,Pohon Muda,icon/young_tree.svg,-,21,12,13,Mineral,-,-0.0378017,101.405406700000,"49,41981274","0,036",,,,Hendri,10/02/2021 16:19,50000,"408,28",-,Approach 5,media/SRK_1_192.jpg,media/SRK_2_192.jpg,media/SRK_3_192.jpg,media/SRK_4_192.jpg,adopsipohonriau/192,
193,SRK0247GS,Mahang,Macaranga spp,Pohon Muda,icon/young_tree.svg,Endangered,18,17,13,Mineral,-,-0.0376832,101.405460600000,"35,27001611","0,036",,,,Adep,10/02/2021 16:21,50000,"274,44",-,Approach 5,media/SRK_1_193.jpg,media/SRK_2_193.jpg,media/SRK_3_193.jpg,media/SRK_4_193.jpg,adopsipohonriau/193,
194,SRK0248GS,Sendok Sendok,Endospermum spp,Pohon Muda,icon/young_tree.svg,Least Concern,14,16,13,Mineral,-,-0.0378085,101.405532800000,"72,48795404","0,036",,,,Hendri,10/02/2021 16:23,50000,"151,03",-,Approach 5,media/SRK_1_194.jpg,media/SRK_2_194.jpg,media/SRK_3_194.jpg,media/SRK_4_194.jpg,adopsipohonriau/194,
195,SRK0249GS,Sendok Sendok,Endospermum spp,Pohon Muda,icon/young_tree.svg,Least Concern,35,23,13,Mineral,-,-0.0378445,101.405379000000,"51,77023009","0,036",,,,Adep,10/02/2021 16:26,50000,"1287,24",-,Approach 5,media/SRK_1_195.jpg,media/SRK_2_195.jpg,media/SRK_3_195.jpg,media/SRK_4_195.jpg,adopsipohonriau/195,
196,SRK0250GS,Meranti,Shorea sp,Pohon Muda,icon/young_tree.svg,-,26,18,13,Mineral,-,-0.0378437,101.405527000000,"47,29635358","0,036",,,,Hendri,10/02/2021 16:28,50000,"920,19",-,Approach 5,media/SRK_1_196.jpg,media/SRK_2_196.jpg,media/SRK_3_196.jpg,media/SRK_4_196.jpg,adopsipohonriau/196,
197,SRK0251GS,Pisang Pisang,Alphonsea spp,Pohon Muda,icon/young_tree.svg,Least Concern,37,21,13,Mineral,-,-0.0379118,101.405633200000,"87,83122567","0,036",,,,Adep,10/02/2021 16:30,50000,"2587,25",-,Approach 5,media/SRK_1_197.jpg,media/SRK_2_197.jpg,media/SRK_3_197.jpg,media/SRK_4_197.jpg,adopsipohonriau/197,
198,SRK0252GS,Mahang,Macaranga spp,Pohon Muda,icon/young_tree.svg,Endangered,22,16,13,Mineral,-,-0.0378901,101.405638400000,"87,03604409","0,036",,,,Hendri,10/02/2021 16:32,50000,"382,7",-,Approach 5,media/SRK_1_198.jpg,media/SRK_2_198.jpg,media/SRK_3_198.jpg,media/SRK_4_198.jpg,adopsipohonriau/198,